{"cameraMode":{"drawMode":0,"name":"Shaded","section":"Shading Mode"},"sceneLighting":true,"audioPlay":false,"sceneViewState":{"m_AlwaysRefresh":false,"showFog":true,"showSkybox":true,"showFlares":true,"showImageEffects":true,"showParticleSystems":true,"showVisualEffectGraphs":true,"m_FxEnabled":true},"in2DMode":false,"pivot":{"x":3.0594654083251955,"y":6.547912120819092,"z":4.136462688446045},"rotation":{"x":0.1512102484703064,"y":-0.8328539729118347,"z":0.27692461013793948,"w":0.45477020740509035},"size":2.4167330265045168,"orthographic":false}